{
  "variants": [
    {
      "productId": "e1c515f9-102d-4830-b353-18fe48065732",
      "identifier": "84ce61ca-c1bd-495e-8111-d31b596886ed",
      "pictures": [
        "https://images-na.ssl-images-amazon.com/images/I/41SuDJi3xRL.jpg"
      ],
      "price": {
        "amount": {
          "currency": "USD",
          "currencyValue": 12.95,
          "name": "Amount"
        },
        "salesUnit": {
          "code": "EA",
          "name": "EACH"
        }
      },
      "configuration": [
        {
          "characteristic": {
            "code": "color",
            "description": "Color Variant",
            "name": "Color Variant"
          },
          "characteristicValue": {
            "code": "burgundy",
            "name": "burgundy"
          }
        },
        {
          "characteristic": {
            "code": "size",
            "description": "Size Variant",
            "name": "Size Variant"
          },
          "characteristicValue": {
            "code": "large",
            "name": "large"
          }
        }
      ]
    }
  ]
}