{"main":"xyz_order_system_api.raml","name":"xyz_Order_system_api","classifier":"raml","tags":[],"dependencies":[{"groupId":"org.mule.templates","assetId":"retail-order-types","version":"1.0.2"},{"groupId":"fbcc73bf-dce4-4e9c-9f29-5dc7998541e6","assetId":"xyz_common","version":"1.0.0"}],"groupId":"fbcc73bf-dce4-4e9c-9f29-5dc7998541e6","assetId":"xyz_order_system_api","version":"1.0.0","apiVersion":"v2.0","metadata":{"projectId":"f13e2fd2-8d7a-40dc-9c48-f4727caa66b9","branchId":"master","commitId":"8ed8c9b0e8d4d06df0d3214600e39d31cc8b77a5"}}